time,voltage,current,rpm,temp_esc,throttle_percent
2025-03-02 18:23:13,28.46,20.0,1214.8,54.1,0
2025-03-02 18:23:14,28.05,20.0,1238.4,54.4,1
2025-03-02 18:23:15,28.25,21.0,1203.9,50.6,3
2025-03-02 18:23:16,28.24,20.0,1243.9,50.8,5
2025-03-02 18:23:17,28.01,22.0,1202.3,52.9,6
2025-03-02 18:23:18,28.06,20.0,1221.6,54.3,8
2025-03-02 18:23:19,28.27,21.0,1241.1,53.7,10
2025-03-02 18:23:20,28.2,21.0,1220.9,52.0,11
2025-03-02 18:23:21,28.39,20.0,1216.3,52.2,13
2025-03-02 18:23:22,28.36,22.0,1248.4,53.4,15
2025-03-02 18:23:23,28.05,22.0,1233.4,53.6,16
2025-03-02 18:23:24,28.42,21.0,1207.5,52.4,18
2025-03-02 18:23:25,28.23,20.0,1200.1,53.6,20
2025-03-02 18:23:26,28.37,21.0,1221.5,54.3,22
2025-03-02 18:23:27,28.1,20.0,1238.5,52.1,23
2025-03-02 18:23:28,28.31,21.0,1244.6,53.6,25
2025-03-02 18:23:29,28.1,22.0,1202.7,54.5,27
2025-03-02 18:23:30,28.03,21.0,1220.7,52.3,28
2025-03-02 18:23:31,28.35,21.0,1226.2,53.8,30
2025-03-02 18:23:32,28.23,20.0,1237.0,53.5,32
2025-03-02 18:23:33,28.14,22.0,1243.2,55.0,33
2025-03-02 18:23:34,28.2,21.0,1234.4,53.5,35
2025-03-02 18:23:35,28.45,20.0,1244.8,53.5,37
2025-03-02 18:23:36,28.47,21.0,1202.2,54.4,38
2025-03-02 18:23:37,28.29,22.0,1235.3,52.9,40
2025-03-02 18:23:38,28.15,20.0,1242.4,52.4,42
2025-03-02 18:23:39,28.09,22.0,1239.7,51.3,44
2025-03-02 18:23:40,28.22,21.0,1244.5,53.6,45
2025-03-02 18:23:41,28.26,20.0,1229.9,50.3,47
2025-03-02 18:23:42,28.46,20.0,1247.2,51.2,49
2025-03-02 18:23:43,28.12,20.0,1204.6,50.8,50
2025-03-02 18:23:44,28.42,20.0,1233.7,50.3,52
2025-03-02 18:23:45,28.14,21.0,1239.1,54.5,54
2025-03-02 18:23:46,28.32,20.0,1217.1,50.2,55
2025-03-02 18:23:47,28.34,20.0,1231.1,50.8,57
2025-03-02 18:23:48,28.16,20.0,1205.6,53.8,59
2025-03-02 18:23:49,28.4,21.0,1221.4,53.7,61
2025-03-02 18:23:50,28.02,21.0,1218.5,51.9,62
2025-03-02 18:23:51,28.36,22.0,1209.5,53.4,64
2025-03-02 18:23:52,28.33,22.0,1248.0,52.6,66
2025-03-02 18:23:53,28.39,22.0,1217.2,54.3,67
2025-03-02 18:23:54,28.03,22.0,1224.1,50.9,69
2025-03-02 18:23:55,28.05,20.0,1228.4,53.1,71
2025-03-02 18:23:56,28.44,21.0,1202.2,51.0,72
2025-03-02 18:23:57,28.25,20.0,1237.4,50.5,74
2025-03-02 18:23:58,28.11,20.0,1228.2,52.7,76
2025-03-02 18:23:59,28.32,20.0,1227.7,53.8,77
2025-03-02 18:24:00,28.11,20.0,1206.1,51.6,79
2025-03-02 18:24:01,28.1,22.0,1214.0,50.5,81
2025-03-02 18:24:02,28.29,22.0,1203.0,50.7,83
2025-03-02 18:24:03,28.05,21.0,1207.2,50.9,84
2025-03-02 18:24:04,28.08,21.0,1230.5,52.4,86
2025-03-02 18:24:05,28.38,22.0,1226.1,54.6,88
2025-03-02 18:24:06,28.0,22.0,1206.7,54.0,89
2025-03-02 18:24:07,28.23,22.0,1210.4,51.1,91
2025-03-02 18:24:08,28.11,22.0,1219.3,51.9,93
2025-03-02 18:24:09,28.04,21.0,1245.0,52.8,94
2025-03-02 18:24:10,28.11,22.0,1239.8,51.0,96
2025-03-02 18:24:11,28.2,21.0,1211.8,51.5,98
2025-03-02 18:24:12,28.47,20.0,1213.2,54.9,100
2025-03-02 18:24:13,28.23,22.0,1220.4,54.0,100
2025-03-02 18:24:14,28.24,20.0,1249.6,54.0,90
2025-03-02 18:24:15,28.45,21.0,1205.8,52.5,95
2025-03-02 18:24:16,28.11,20.0,1227.3,54.6,90
2025-03-02 18:24:17,28.29,20.0,1202.3,54.0,90
2025-03-02 18:24:18,28.32,22.0,1233.0,53.7,100
2025-03-02 18:24:19,28.49,21.0,1239.7,53.4,95
2025-03-02 18:24:20,28.48,22.0,1237.0,50.1,100
2025-03-02 18:24:21,28.36,20.0,1221.6,52.6,90
2025-03-02 18:24:22,28.29,22.0,1222.9,50.1,100
2025-03-02 18:24:23,28.13,20.0,1221.8,52.1,90
2025-03-02 18:24:24,28.29,21.0,1239.5,54.7,95
2025-03-02 18:24:25,28.2,22.0,1234.8,52.7,100
2025-03-02 18:24:26,28.13,20.0,1207.4,50.8,90
2025-03-02 18:24:27,28.19,20.0,1244.9,50.0,90
2025-03-02 18:24:28,28.33,20.0,1216.8,52.2,90
2025-03-02 18:24:29,28.48,21.0,1216.4,54.6,95
2025-03-02 18:24:30,28.12,21.0,1241.0,53.1,95
2025-03-02 18:24:31,28.0,22.0,1204.7,54.8,100
2025-03-02 18:24:32,28.43,21.0,1217.6,52.2,95
2025-03-02 18:24:33,28.2,21.0,1212.8,53.5,95
2025-03-02 18:24:34,28.18,22.0,1225.4,51.5,100
2025-03-02 18:24:35,28.24,22.0,1215.7,50.1,100
2025-03-02 18:24:36,28.13,22.0,1210.6,51.9,100
2025-03-02 18:24:37,28.27,20.0,1240.6,52.6,90
2025-03-02 18:24:38,28.21,21.0,1228.3,51.1,95
2025-03-02 18:24:39,28.39,21.0,1221.4,53.8,95
2025-03-02 18:24:40,28.35,20.0,1231.1,54.8,90
2025-03-02 18:24:41,28.24,21.0,1213.1,50.4,95
2025-03-02 18:24:42,28.45,22.0,1231.9,54.5,100
2025-03-02 18:24:43,28.04,20.0,1209.8,54.7,90
2025-03-02 18:24:44,28.3,22.0,1217.1,51.0,100
2025-03-02 18:24:45,28.19,21.0,1231.6,53.5,95
2025-03-02 18:24:46,28.16,22.0,1244.5,51.9,100
2025-03-02 18:24:47,28.49,21.0,1209.1,52.2,95
2025-03-02 18:24:48,28.23,20.0,1236.4,50.5,90
2025-03-02 18:24:49,28.45,21.0,1234.4,51.1,95
2025-03-02 18:24:50,28.09,22.0,1241.0,53.9,100
2025-03-02 18:24:51,28.17,21.0,1209.4,53.8,95
2025-03-02 18:24:52,28.42,20.0,1247.9,54.3,90
2025-03-02 18:24:53,28.22,21.0,1248.3,50.1,95
2025-03-02 18:24:54,28.14,20.0,1249.6,53.4,90
2025-03-02 18:24:55,28.11,20.0,1213.9,54.4,90
2025-03-02 18:24:56,28.25,22.0,1249.8,50.3,100
2025-03-02 18:24:57,28.3,21.0,1215.9,53.7,95
2025-03-02 18:24:58,28.13,22.0,1212.7,51.6,100
2025-03-02 18:24:59,28.32,20.0,1206.6,52.4,90
2025-03-02 18:25:00,28.07,20.0,1206.4,52.1,90
2025-03-02 18:25:01,28.3,22.0,1210.5,52.0,100
2025-03-02 18:25:02,28.08,21.0,1202.8,50.9,95
2025-03-02 18:25:03,28.42,20.0,1208.0,53.4,90
2025-03-02 18:25:04,28.25,21.0,1238.1,52.2,95
2025-03-02 18:25:05,28.19,22.0,1219.5,50.7,100
2025-03-02 18:25:06,28.07,20.0,1233.0,52.4,90
2025-03-02 18:25:07,28.2,22.0,1223.0,52.5,100
2025-03-02 18:25:08,28.03,22.0,1226.6,53.0,100
2025-03-02 18:25:09,28.1,21.0,1217.3,52.9,95
2025-03-02 18:25:10,28.27,21.0,1242.5,50.3,95
2025-03-02 18:25:11,28.42,20.0,1227.8,51.4,90
2025-03-02 18:25:12,28.33,20.0,1216.8,50.3,90
2025-03-02 18:25:13,28.39,21.0,1219.7,52.9,95
2025-03-02 18:25:14,28.18,22.0,1235.1,53.6,100
2025-03-02 18:25:15,28.39,22.0,1243.1,50.0,100
2025-03-02 18:25:16,28.5,21.0,1208.9,54.1,95
2025-03-02 18:25:17,28.42,21.0,1232.5,53.0,95
2025-03-02 18:25:18,28.23,22.0,1227.8,53.6,100
2025-03-02 18:25:19,28.32,22.0,1231.2,52.1,100
2025-03-02 18:25:20,28.07,21.0,1225.9,53.8,95
2025-03-02 18:25:21,28.16,21.0,1232.6,51.0,95
2025-03-02 18:25:22,28.39,20.0,1221.7,54.3,90
2025-03-02 18:25:23,28.37,21.0,1206.3,53.0,95
2025-03-02 18:25:24,28.44,21.0,1200.2,52.6,95
2025-03-02 18:25:25,28.06,22.0,1203.0,53.5,100
2025-03-02 18:25:26,28.06,20.0,1212.2,53.2,90
2025-03-02 18:25:27,28.43,20.0,1226.4,54.5,90
2025-03-02 18:25:28,28.09,21.0,1248.8,51.8,95
2025-03-02 18:25:29,28.17,20.0,1241.7,52.2,90
2025-03-02 18:25:30,28.49,22.0,1211.2,53.1,100
2025-03-02 18:25:31,28.26,22.0,1223.1,52.8,100
2025-03-02 18:25:32,28.13,22.0,1237.6,54.2,100
2025-03-02 18:25:33,28.36,21.0,1206.3,51.0,95
2025-03-02 18:25:34,28.23,20.0,1244.4,54.9,90
2025-03-02 18:25:35,28.26,22.0,1249.4,53.5,100
2025-03-02 18:25:36,28.1,20.0,1202.7,52.8,90
2025-03-02 18:25:37,28.44,22.0,1224.9,52.6,100
2025-03-02 18:25:38,28.13,20.0,1221.4,50.8,90
2025-03-02 18:25:39,28.34,20.0,1216.4,54.7,90
2025-03-02 18:25:40,28.21,22.0,1234.4,52.4,100
2025-03-02 18:25:41,28.37,20.0,1215.2,52.1,90
2025-03-02 18:25:42,28.14,21.0,1236.2,50.3,95
2025-03-02 18:25:43,28.48,20.0,1249.9,51.3,90
2025-03-02 18:25:44,28.48,20.0,1204.6,50.4,90
2025-03-02 18:25:45,28.0,22.0,1212.2,54.3,100
2025-03-02 18:25:46,28.3,20.0,1217.7,52.6,90
2025-03-02 18:25:47,28.38,22.0,1208.7,51.9,100
2025-03-02 18:25:48,28.03,20.0,1213.0,50.9,90
2025-03-02 18:25:49,28.44,20.0,1229.5,51.2,90
2025-03-02 18:25:50,28.13,22.0,1234.0,54.2,100
2025-03-02 18:25:51,28.41,21.0,1205.3,50.6,95
2025-03-02 18:25:52,28.44,20.0,1229.9,50.2,90
2025-03-02 18:25:53,28.09,20.0,1223.1,51.6,90
2025-03-02 18:25:54,28.44,22.0,1228.1,51.9,100
2025-03-02 18:25:55,28.45,21.0,1220.1,53.4,95
2025-03-02 18:25:56,28.36,22.0,1235.6,53.4,100
2025-03-02 18:25:57,28.08,20.0,1239.2,51.9,90
2025-03-02 18:25:58,28.38,20.0,1224.4,54.7,90
2025-03-02 18:25:59,28.03,20.0,1213.7,51.8,90
2025-03-02 18:26:00,28.27,22.0,1245.8,54.3,100
2025-03-02 18:26:01,28.08,21.0,1238.6,51.9,95
2025-03-02 18:26:02,28.27,20.0,1236.8,54.0,90
2025-03-02 18:26:03,28.24,21.0,1213.8,51.2,95
2025-03-02 18:26:04,28.45,22.0,1223.2,51.2,100
2025-03-02 18:26:05,28.1,22.0,1232.5,50.1,100
2025-03-02 18:26:06,28.22,22.0,1247.3,50.5,100
2025-03-02 18:26:07,28.42,22.0,1204.3,50.7,100
2025-03-02 18:26:08,28.41,20.0,1210.8,50.1,90
2025-03-02 18:26:09,28.38,20.0,1207.9,52.5,90
2025-03-02 18:26:10,28.18,20.0,1222.8,53.9,90
2025-03-02 18:26:11,28.27,22.0,1220.6,51.5,100
2025-03-02 18:26:12,28.35,21.0,1232.8,54.5,95
2025-03-02 18:26:13,28.5,20.0,1231.8,54.0,90
2025-03-02 18:26:14,28.21,22.0,1213.3,53.4,100
2025-03-02 18:26:15,28.46,20.0,1248.7,51.0,90
2025-03-02 18:26:16,28.13,22.0,1213.7,51.9,100
2025-03-02 18:26:17,28.05,21.0,1234.3,53.4,95
2025-03-02 18:26:18,28.24,20.0,1233.7,51.9,90
2025-03-02 18:26:19,28.35,20.0,1205.9,53.4,90
2025-03-02 18:26:20,28.08,21.0,1225.2,51.6,95
2025-03-02 18:26:21,28.5,22.0,1234.3,51.9,100
2025-03-02 18:26:22,28.21,21.0,1244.7,52.7,95
2025-03-02 18:26:23,28.01,22.0,1218.9,51.6,100
2025-03-02 18:26:24,28.48,21.0,1242.7,51.7,95
2025-03-02 18:26:25,28.44,20.0,1249.8,54.9,90
2025-03-02 18:26:26,28.04,20.0,1223.1,55.0,90
2025-03-02 18:26:27,28.47,21.0,1214.6,50.6,95
2025-03-02 18:26:28,28.16,21.0,1234.9,54.8,95
2025-03-02 18:26:29,28.06,22.0,1240.2,51.4,100
2025-03-02 18:26:30,28.22,20.0,1240.1,50.6,90
2025-03-02 18:26:31,28.47,22.0,1233.1,54.8,100
2025-03-02 18:26:32,28.36,21.0,1205.3,54.0,95
2025-03-02 18:26:33,28.1,21.0,1233.5,52.4,95
2025-03-02 18:26:34,28.49,22.0,1239.7,54.7,100
2025-03-02 18:26:35,28.07,22.0,1248.9,51.3,100
2025-03-02 18:26:36,28.07,22.0,1249.1,53.4,100
2025-03-02 18:26:37,28.45,22.0,1249.8,50.3,100
2025-03-02 18:26:38,28.28,21.0,1248.7,51.8,95
2025-03-02 18:26:39,28.05,22.0,1245.4,51.0,100
2025-03-02 18:26:40,28.17,21.0,1243.0,51.9,95
2025-03-02 18:26:41,28.5,22.0,1247.0,53.3,100
2025-03-02 18:26:42,28.2,22.0,1230.3,52.6,100
2025-03-02 18:26:43,28.21,20.0,1219.2,51.9,90
2025-03-02 18:26:44,28.01,21.0,1227.2,54.2,95
2025-03-02 18:26:45,28.27,21.0,1230.7,51.1,95
2025-03-02 18:26:46,28.43,21.0,1222.8,54.2,95
2025-03-02 18:26:47,28.22,22.0,1226.0,52.6,100
2025-03-02 18:26:48,28.15,22.0,1221.1,54.0,100
2025-03-02 18:26:49,28.05,21.0,1243.0,54.6,95
2025-03-02 18:26:50,28.02,22.0,1205.2,54.8,100
2025-03-02 18:26:51,28.07,21.0,1222.8,51.5,95
2025-03-02 18:26:52,28.49,21.0,1213.7,50.2,95
2025-03-02 18:26:53,28.15,22.0,1200.8,50.6,100
2025-03-02 18:26:54,28.31,22.0,1201.7,50.0,100
2025-03-02 18:26:55,28.06,21.0,1231.6,53.4,95
2025-03-02 18:26:56,28.42,22.0,1230.4,52.2,100
2025-03-02 18:26:57,28.39,21.0,1206.9,50.3,95
2025-03-02 18:26:58,28.04,21.0,1244.0,50.3,95
2025-03-02 18:26:59,28.23,21.0,1227.8,54.4,95
2025-03-02 18:27:00,28.37,21.0,1227.6,53.0,95
2025-03-02 18:27:01,28.05,22.0,1222.6,51.8,100
2025-03-02 18:27:02,28.23,21.0,1209.4,50.3,95
2025-03-02 18:27:03,28.27,21.0,1232.3,52.6,95
2025-03-02 18:27:04,28.28,22.0,1246.0,51.3,100
2025-03-02 18:27:05,28.26,20.0,1226.4,53.4,90
2025-03-02 18:27:06,28.2,22.0,1206.6,51.4,100
2025-03-02 18:27:07,28.11,21.0,1230.3,51.6,95
2025-03-02 18:27:08,28.14,20.0,1248.2,52.8,90
2025-03-02 18:27:09,28.34,22.0,1236.2,50.7,100
2025-03-02 18:27:10,28.19,21.0,1235.3,51.2,95
2025-03-02 18:27:11,28.33,22.0,1208.3,54.1,100
2025-03-02 18:27:12,28.16,20.0,1234.0,53.9,90
2025-03-02 18:27:13,28.18,21.0,1247.0,52.8,95
2025-03-02 18:27:14,28.09,20.0,1239.9,54.4,90
2025-03-02 18:27:15,28.44,22.0,1242.1,50.8,100
2025-03-02 18:27:16,28.38,22.0,1237.4,54.7,100
2025-03-02 18:27:17,28.43,20.0,1211.2,51.5,90
2025-03-02 18:27:18,28.41,20.0,1227.6,53.3,90
2025-03-02 18:27:19,28.08,22.0,1201.5,53.1,100
2025-03-02 18:27:20,28.2,22.0,1200.2,50.2,100
2025-03-02 18:27:21,28.49,20.0,1231.3,51.6,90
2025-03-02 18:27:22,28.04,21.0,1214.2,53.6,95
2025-03-02 18:27:23,28.21,21.0,1240.6,51.9,95
2025-03-02 18:27:24,28.08,20.0,1200.7,52.7,90
2025-03-02 18:27:25,28.49,22.0,1247.5,54.3,100
2025-03-02 18:27:26,28.47,22.0,1207.4,50.6,100
2025-03-02 18:27:27,28.12,22.0,1246.6,52.4,100
2025-03-02 18:27:28,28.44,20.0,1209.4,54.9,90
2025-03-02 18:27:29,28.11,22.0,1212.8,51.2,100
2025-03-02 18:27:30,28.17,22.0,1203.0,51.6,100
2025-03-02 18:27:31,28.21,22.0,1204.5,52.7,100
2025-03-02 18:27:32,28.4,21.0,1248.4,54.2,95
2025-03-02 18:27:33,28.36,21.0,1225.8,53.3,95
2025-03-02 18:27:34,28.18,21.0,1212.3,54.0,95
2025-03-02 18:27:35,28.39,20.0,1241.7,53.3,90
2025-03-02 18:27:36,28.05,21.0,1224.1,53.3,95
2025-03-02 18:27:37,28.15,21.0,1203.1,51.3,95
2025-03-02 18:27:38,28.45,21.0,1214.2,50.3,95
2025-03-02 18:27:39,28.47,21.0,1236.8,53.0,95
2025-03-02 18:27:40,28.44,20.0,1221.6,51.5,90
2025-03-02 18:27:41,28.21,21.0,1211.8,54.2,95
2025-03-02 18:27:42,28.12,22.0,1239.8,53.7,100
2025-03-02 18:27:43,28.04,22.0,1221.6,50.4,100
2025-03-02 18:27:44,28.09,20.0,1245.2,53.0,90
2025-03-02 18:27:45,28.47,20.0,1216.1,53.9,90
2025-03-02 18:27:46,28.13,21.0,1238.4,52.6,95
2025-03-02 18:27:47,28.15,22.0,1231.5,54.7,100
2025-03-02 18:27:48,28.26,20.0,1247.7,50.5,90
2025-03-02 18:27:49,28.42,21.0,1231.4,54.0,95
2025-03-02 18:27:50,28.23,22.0,1226.1,53.8,100
2025-03-02 18:27:51,28.34,20.0,1204.2,51.9,90
2025-03-02 18:27:52,28.36,21.0,1247.3,52.1,95
2025-03-02 18:27:53,28.08,21.0,1229.9,54.2,95
2025-03-02 18:27:54,28.46,21.0,1233.3,53.2,95
2025-03-02 18:27:55,28.35,21.0,1234.3,50.8,95
2025-03-02 18:27:56,28.05,20.0,1244.4,50.9,90
2025-03-02 18:27:57,28.38,21.0,1229.3,53.1,95
2025-03-02 18:27:58,28.13,22.0,1239.6,53.3,100
2025-03-02 18:27:59,28.38,22.0,1201.8,53.6,100
2025-03-02 18:28:00,28.11,21.0,1208.5,54.9,95
2025-03-02 18:28:01,28.44,20.0,1218.6,52.9,90
2025-03-02 18:28:02,28.01,21.0,1215.0,50.6,95
2025-03-02 18:28:03,28.22,21.0,1204.7,51.1,95
2025-03-02 18:28:04,28.39,20.0,1211.7,52.1,90
2025-03-02 18:28:05,28.43,22.0,1203.0,50.9,100
2025-03-02 18:28:06,28.11,20.0,1203.0,54.7,90
2025-03-02 18:28:07,28.02,22.0,1228.3,50.4,100
2025-03-02 18:28:08,28.19,21.0,1225.5,54.5,95
2025-03-02 18:28:09,28.35,22.0,1249.3,50.5,100
2025-03-02 18:28:10,28.34,22.0,1245.5,53.8,100
2025-03-02 18:28:11,28.33,21.0,1238.2,50.6,95
2025-03-02 18:28:12,28.12,21.0,1240.9,54.5,95
2025-03-02 18:28:13,28.44,21.0,1229.9,54.5,95
2025-03-02 18:28:14,28.34,20.0,1235.2,50.0,90
2025-03-02 18:28:15,28.44,20.0,1201.3,50.9,90
2025-03-02 18:28:16,28.24,22.0,1206.8,52.7,100
2025-03-02 18:28:17,28.24,20.0,1248.7,54.4,90
2025-03-02 18:28:18,28.18,22.0,1249.2,53.3,100
2025-03-02 18:28:19,28.5,22.0,1206.0,52.9,100
2025-03-02 18:28:20,28.1,22.0,1223.6,53.7,100
2025-03-02 18:28:21,28.22,22.0,1219.8,53.9,100
2025-03-02 18:28:22,28.34,20.0,1242.3,51.1,90
2025-03-02 18:28:23,28.35,21.0,1214.5,54.1,95
2025-03-02 18:28:24,28.38,22.0,1212.1,50.2,100
2025-03-02 18:28:25,28.16,20.0,1220.9,52.4,90
2025-03-02 18:28:26,28.18,20.0,1229.9,53.6,90
2025-03-02 18:28:27,28.17,20.0,1222.7,50.1,90
2025-03-02 18:28:28,28.34,22.0,1206.5,54.9,100
2025-03-02 18:28:29,28.09,20.0,1250.0,50.1,90
2025-03-02 18:28:30,28.44,20.0,1230.6,51.4,90
2025-03-02 18:28:31,28.01,20.0,1229.1,51.0,90
2025-03-02 18:28:32,28.05,22.0,1215.6,54.7,100
2025-03-02 18:28:33,28.39,20.0,1212.0,50.4,90
2025-03-02 18:28:34,28.36,22.0,1235.7,53.0,100
2025-03-02 18:28:35,28.01,20.0,1238.8,50.4,90
2025-03-02 18:28:36,28.32,21.0,1246.0,50.0,95
2025-03-02 18:28:37,28.04,21.0,1213.0,53.8,95
2025-03-02 18:28:38,28.2,20.0,1211.0,54.1,90
2025-03-02 18:28:39,28.27,20.0,1207.7,53.7,90
2025-03-02 18:28:40,28.5,21.0,1202.0,53.6,95
2025-03-02 18:28:41,28.38,21.0,1228.5,50.4,95
2025-03-02 18:28:42,28.11,21.0,1244.7,52.3,95
2025-03-02 18:28:43,28.43,21.0,1217.9,52.9,95
2025-03-02 18:28:44,28.28,20.0,1212.4,54.9,90
2025-03-02 18:28:45,28.06,22.0,1206.7,54.7,100
2025-03-02 18:28:46,28.11,21.0,1211.7,54.8,95
2025-03-02 18:28:47,28.07,21.0,1231.6,53.1,95
2025-03-02 18:28:48,28.11,20.0,1238.6,51.6,90
2025-03-02 18:28:49,28.47,20.0,1249.0,51.4,90
2025-03-02 18:28:50,28.36,22.0,1232.1,50.3,100
2025-03-02 18:28:51,28.2,22.0,1225.8,54.5,100
2025-03-02 18:28:52,28.17,22.0,1206.1,54.3,100
2025-03-02 18:28:53,28.31,21.0,1242.8,53.7,95
2025-03-02 18:28:54,28.0,20.0,1233.8,55.0,90
2025-03-02 18:28:55,28.24,22.0,1236.4,52.0,100
2025-03-02 18:28:56,28.14,21.0,1203.7,52.0,95
2025-03-02 18:28:57,28.44,21.0,1220.9,53.3,95
2025-03-02 18:28:58,28.44,22.0,1202.1,54.3,100
2025-03-02 18:28:59,28.18,22.0,1213.7,50.3,100
2025-03-02 18:29:00,28.38,20.0,1212.5,51.5,90
2025-03-02 18:29:01,28.42,22.0,1205.1,52.2,100
2025-03-02 18:29:02,28.03,22.0,1217.0,54.2,100
2025-03-02 18:29:03,28.32,20.0,1218.9,50.7,90
2025-03-02 18:29:04,28.46,22.0,1211.6,51.5,100
2025-03-02 18:29:05,28.07,20.0,1216.9,54.4,90
2025-03-02 18:29:06,28.15,21.0,1246.9,51.1,95
2025-03-02 18:29:07,28.45,22.0,1243.1,54.8,100
2025-03-02 18:29:08,28.13,20.0,1242.8,53.8,90
2025-03-02 18:29:09,28.12,21.0,1215.6,53.7,95
2025-03-02 18:29:10,28.06,22.0,1224.6,54.8,100
2025-03-02 18:29:11,28.11,20.0,1205.0,54.2,90
2025-03-02 18:29:12,28.41,21.0,1213.6,54.7,95
2025-03-02 18:29:13,28.44,22.0,1202.9,54.9,100
2025-03-02 18:29:14,28.31,22.0,1204.1,54.5,100
2025-03-02 18:29:15,28.34,21.0,1216.8,50.5,95
2025-03-02 18:29:16,28.2,22.0,1229.6,50.9,100
2025-03-02 18:29:17,28.35,22.0,1243.9,52.5,100
2025-03-02 18:29:18,28.26,22.0,1223.0,52.2,100
2025-03-02 18:29:19,28.04,22.0,1210.8,51.3,100
2025-03-02 18:29:20,28.45,20.0,1238.6,54.2,90
2025-03-02 18:29:21,28.38,22.0,1203.1,54.2,100
2025-03-02 18:29:22,28.06,22.0,1231.8,51.6,100
2025-03-02 18:29:23,28.17,21.0,1247.0,52.3,95
2025-03-02 18:29:24,28.5,21.0,1203.8,54.4,95
2025-03-02 18:29:25,28.26,22.0,1213.6,51.4,100
2025-03-02 18:29:26,28.21,21.0,1209.9,53.0,95
2025-03-02 18:29:27,28.17,20.0,1210.7,53.5,90
2025-03-02 18:29:28,28.15,20.0,1249.7,54.1,90
2025-03-02 18:29:29,28.41,21.0,1204.6,53.1,95
2025-03-02 18:29:30,28.37,22.0,1215.1,54.1,100
2025-03-02 18:29:31,28.42,22.0,1244.2,54.5,100
2025-03-02 18:29:32,28.29,21.0,1246.8,53.3,95
2025-03-02 18:29:33,28.46,22.0,1210.7,54.3,100
2025-03-02 18:29:34,28.18,20.0,1217.5,50.9,90
2025-03-02 18:29:35,28.45,21.0,1212.6,52.3,95
2025-03-02 18:29:36,28.17,21.0,1245.9,52.4,95
2025-03-02 18:29:37,28.14,21.0,1242.8,50.6,95
2025-03-02 18:29:38,28.16,21.0,1226.8,54.9,95
2025-03-02 18:29:39,28.41,21.0,1225.2,53.0,95
2025-03-02 18:29:40,28.06,20.0,1200.6,53.6,90
2025-03-02 18:29:41,28.03,20.0,1228.7,50.0,90
2025-03-02 18:29:42,28.45,20.0,1234.1,52.3,90
2025-03-02 18:29:43,28.28,20.0,1205.1,51.6,90
2025-03-02 18:29:44,28.16,21.0,1231.3,53.6,95
2025-03-02 18:29:45,28.07,20.0,1218.8,52.4,90
2025-03-02 18:29:46,28.06,21.0,1228.7,53.2,95
2025-03-02 18:29:47,28.22,22.0,1238.5,50.4,100
2025-03-02 18:29:48,28.41,22.0,1204.8,50.0,100
2025-03-02 18:29:49,28.48,22.0,1212.1,54.5,100
2025-03-02 18:29:50,28.42,20.0,1242.3,53.1,90
2025-03-02 18:29:51,28.43,22.0,1237.7,54.8,100
2025-03-02 18:29:52,28.35,21.0,1206.9,52.3,95
2025-03-02 18:29:53,28.11,20.0,1222.5,54.4,90
2025-03-02 18:29:54,28.49,20.0,1231.6,51.9,90
2025-03-02 18:29:55,28.19,21.0,1219.4,54.7,95
2025-03-02 18:29:56,28.05,21.0,1200.6,54.0,95
2025-03-02 18:29:57,28.25,21.0,1205.8,50.6,95
2025-03-02 18:29:58,28.29,22.0,1238.0,53.5,100
2025-03-02 18:29:59,28.38,21.0,1248.1,50.4,95
2025-03-02 18:30:00,28.13,21.0,1224.4,54.7,95
2025-03-02 18:30:01,28.46,20.0,1236.9,51.8,90
2025-03-02 18:30:02,28.07,21.0,1215.4,50.2,95
2025-03-02 18:30:03,28.02,21.0,1249.2,53.3,95
2025-03-02 18:30:04,28.44,20.0,1222.1,52.7,90
2025-03-02 18:30:05,28.15,22.0,1222.0,52.2,100
2025-03-02 18:30:06,28.4,20.0,1219.0,54.3,90
2025-03-02 18:30:07,28.13,20.0,1236.1,54.5,90
2025-03-02 18:30:08,28.49,20.0,1226.7,53.2,90
2025-03-02 18:30:09,28.08,21.0,1201.7,53.8,95
2025-03-02 18:30:10,28.37,20.0,1200.9,51.6,90
2025-03-02 18:30:11,28.35,21.0,1222.2,51.9,95
2025-03-02 18:30:12,28.44,20.0,1215.8,51.5,90
2025-03-02 18:30:13,28.46,20.0,1245.8,54.9,90
2025-03-02 18:30:14,28.49,20.0,1223.4,53.8,90
2025-03-02 18:30:15,28.3,20.0,1219.3,50.1,90
2025-03-02 18:30:16,28.45,20.0,1228.4,51.9,90
2025-03-02 18:30:17,28.24,20.0,1222.2,53.5,90
2025-03-02 18:30:18,28.27,20.0,1237.3,54.7,90
2025-03-02 18:30:19,28.39,20.0,1233.6,50.6,90
2025-03-02 18:30:20,28.12,22.0,1241.5,52.2,100
2025-03-02 18:30:21,28.39,21.0,1206.6,52.4,95
2025-03-02 18:30:22,28.39,20.0,1202.8,54.8,90
2025-03-02 18:30:23,28.5,20.0,1236.1,52.1,90
2025-03-02 18:30:24,28.32,21.0,1244.7,52.6,95
2025-03-02 18:30:25,28.0,22.0,1213.3,50.3,100
2025-03-02 18:30:26,28.08,22.0,1231.2,54.5,100
2025-03-02 18:30:27,28.47,21.0,1249.0,54.5,95
2025-03-02 18:30:28,28.31,22.0,1218.6,51.2,100
2025-03-02 18:30:29,28.14,22.0,1228.1,51.9,100
2025-03-02 18:30:30,28.11,22.0,1206.8,54.5,100
2025-03-02 18:30:31,28.33,22.0,1245.5,53.8,100
2025-03-02 18:30:32,28.11,22.0,1229.7,50.9,100
2025-03-02 18:30:33,28.03,21.0,1211.9,51.1,95
2025-03-02 18:30:34,28.17,22.0,1249.7,50.5,100
2025-03-02 18:30:35,28.21,21.0,1234.2,53.0,95
2025-03-02 18:30:36,28.48,22.0,1236.9,52.6,100
2025-03-02 18:30:37,28.2,21.0,1234.7,52.2,95
2025-03-02 18:30:38,28.41,20.0,1246.4,53.6,90
2025-03-02 18:30:39,28.08,20.0,1230.8,52.0,90
2025-03-02 18:30:40,28.24,20.0,1201.1,50.7,90
2025-03-02 18:30:41,28.19,20.0,1225.2,52.9,90
2025-03-02 18:30:42,28.42,22.0,1211.5,52.1,100
2025-03-02 18:30:43,28.31,22.0,1240.8,51.2,100
2025-03-02 18:30:44,28.46,21.0,1212.8,53.5,95
2025-03-02 18:30:45,28.42,20.0,1245.0,54.4,90
2025-03-02 18:30:46,28.0,21.0,1201.7,52.2,95
2025-03-02 18:30:47,28.5,20.0,1232.0,52.3,90
2025-03-02 18:30:48,28.16,20.0,1216.7,50.2,90
2025-03-02 18:30:49,28.47,20.0,1238.4,52.5,90
2025-03-02 18:30:50,28.09,20.0,1237.0,51.7,90
2025-03-02 18:30:51,28.09,22.0,1201.8,53.8,100
2025-03-02 18:30:52,28.07,22.0,1215.5,51.2,100
2025-03-02 18:30:53,28.2,22.0,1202.4,52.6,100
2025-03-02 18:30:54,28.49,21.0,1243.0,50.3,95
2025-03-02 18:30:55,28.4,21.0,1227.9,53.7,95
2025-03-02 18:30:56,28.12,21.0,1225.9,50.1,95
2025-03-02 18:30:57,28.23,22.0,1223.2,53.5,100
2025-03-02 18:30:58,28.17,20.0,1200.6,51.7,90
2025-03-02 18:30:59,28.26,20.0,1205.6,53.5,90
2025-03-02 18:31:00,28.24,21.0,1221.7,52.8,95
2025-03-02 18:31:01,28.48,22.0,1227.4,51.0,100
2025-03-02 18:31:02,28.46,22.0,1241.6,51.3,100
2025-03-02 18:31:03,28.45,20.0,1220.2,50.0,90
2025-03-02 18:31:04,28.15,21.0,1249.4,53.8,95
2025-03-02 18:31:05,28.46,20.0,1236.6,50.1,90
2025-03-02 18:31:06,28.11,20.0,1221.0,52.0,90
2025-03-02 18:31:07,28.34,21.0,1208.9,54.6,95
2025-03-02 18:31:08,28.37,21.0,1227.1,54.9,95
2025-03-02 18:31:09,28.03,22.0,1244.8,51.2,100
2025-03-02 18:31:10,28.18,21.0,1225.5,51.3,95
2025-03-02 18:31:11,28.21,20.0,1215.9,52.1,90
2025-03-02 18:31:12,28.01,20.0,1247.0,53.4,90
2025-03-02 18:31:13,28.27,21.0,1211.2,54.6,95
2025-03-02 18:31:14,28.09,21.0,1245.9,53.4,95
2025-03-02 18:31:15,28.13,20.0,1219.8,52.5,90
2025-03-02 18:31:16,28.28,21.0,1228.8,50.3,95
2025-03-02 18:31:17,28.01,20.0,1234.9,51.9,90
2025-03-02 18:31:18,28.04,21.0,1231.9,52.8,95
2025-03-02 18:31:19,28.31,22.0,1246.8,50.7,100
2025-03-02 18:31:20,28.46,21.0,1207.0,51.5,95
2025-03-02 18:31:21,28.5,21.0,1232.4,52.5,95
2025-03-02 18:31:22,28.01,22.0,1242.8,54.6,100
2025-03-02 18:31:23,28.33,20.0,1247.1,54.2,90
2025-03-02 18:31:24,28.38,21.0,1243.6,53.1,95
2025-03-02 18:31:25,28.45,22.0,1241.8,52.4,100
2025-03-02 18:31:26,28.4,22.0,1237.8,52.8,100
2025-03-02 18:31:27,28.37,20.0,1224.5,50.2,90
2025-03-02 18:31:28,28.21,20.0,1244.6,54.4,90
2025-03-02 18:31:29,28.09,20.0,1205.9,53.9,90
2025-03-02 18:31:30,28.05,21.0,1227.0,50.3,95
2025-03-02 18:31:31,28.3,21.0,1231.2,53.4,95
2025-03-02 18:31:32,28.38,20.0,1210.3,51.1,90
2025-03-02 18:31:33,28.16,22.0,1212.3,54.0,100
2025-03-02 18:31:34,28.41,20.0,1216.8,53.0,90
2025-03-02 18:31:35,28.09,22.0,1208.5,54.7,100
2025-03-02 18:31:36,28.2,20.0,1221.8,51.4,90
2025-03-02 18:31:37,28.45,22.0,1227.1,52.6,100
2025-03-02 18:31:38,28.44,20.0,1235.3,51.5,90
2025-03-02 18:31:39,28.02,21.0,1207.8,50.6,95
2025-03-02 18:31:40,28.13,21.0,1212.0,54.2,95
2025-03-02 18:31:41,28.28,20.0,1230.0,52.2,90
2025-03-02 18:31:42,28.33,21.0,1205.0,50.6,95
2025-03-02 18:31:43,28.3,21.0,1203.1,50.7,95
2025-03-02 18:31:44,28.36,21.0,1232.3,54.4,95
2025-03-02 18:31:45,28.1,21.0,1223.0,50.1,95
2025-03-02 18:31:46,28.22,21.0,1228.4,52.1,95
2025-03-02 18:31:47,28.42,22.0,1230.6,54.7,100
2025-03-02 18:31:48,28.09,20.0,1201.4,51.2,90
2025-03-02 18:31:49,28.23,22.0,1204.8,53.9,100
2025-03-02 18:31:50,28.26,21.0,1249.2,53.0,95
2025-03-02 18:31:51,28.39,20.0,1226.2,53.7,90
2025-03-02 18:31:52,28.29,22.0,1233.3,51.2,100
2025-03-02 18:31:53,28.39,22.0,1243.0,51.4,100
2025-03-02 18:31:54,28.36,22.0,1209.3,50.0,100
2025-03-02 18:31:55,28.14,20.0,1202.0,51.0,90
2025-03-02 18:31:56,28.07,22.0,1214.5,53.7,100
2025-03-02 18:31:57,28.47,21.0,1207.9,51.9,95
2025-03-02 18:31:58,28.36,21.0,1220.6,53.1,95
2025-03-02 18:31:59,28.22,21.0,1238.1,54.9,95
2025-03-02 18:32:00,28.07,22.0,1248.7,50.1,100
2025-03-02 18:32:01,28.24,20.0,1247.8,52.3,90
2025-03-02 18:32:02,28.15,21.0,1240.6,50.0,95
2025-03-02 18:32:03,28.29,20.0,1205.5,53.4,90
2025-03-02 18:32:04,28.33,22.0,1201.2,54.0,100
2025-03-02 18:32:05,28.33,22.0,1212.9,51.1,100
2025-03-02 18:32:06,28.31,20.0,1238.6,51.1,90
2025-03-02 18:32:07,28.45,20.0,1240.8,52.2,90
2025-03-02 18:32:08,28.02,22.0,1244.7,50.3,100
2025-03-02 18:32:09,28.11,22.0,1240.6,53.9,100
2025-03-02 18:32:10,28.39,22.0,1237.8,53.5,100
2025-03-02 18:32:11,28.2,21.0,1221.4,54.0,95
2025-03-02 18:32:12,28.01,22.0,1231.1,53.8,100
2025-03-02 18:32:13,28.08,21.0,1222.9,53.5,95
2025-03-02 18:32:14,28.4,21.0,1229.2,52.7,95
2025-03-02 18:32:15,28.39,21.0,1213.9,53.6,95
2025-03-02 18:32:16,28.39,20.0,1237.6,50.5,90
2025-03-02 18:32:17,28.49,21.0,1209.9,54.2,95
2025-03-02 18:32:18,28.29,21.0,1228.2,52.0,95
2025-03-02 18:32:19,28.48,22.0,1246.9,53.9,100
2025-03-02 18:32:20,28.03,20.0,1200.8,53.5,90
2025-03-02 18:32:21,28.47,20.0,1249.3,50.8,90
2025-03-02 18:32:22,28.38,22.0,1234.1,50.5,100
2025-03-02 18:32:23,28.33,22.0,1215.6,50.9,100
2025-03-02 18:32:24,28.12,22.0,1214.6,53.9,100
2025-03-02 18:32:25,28.12,21.0,1245.7,53.3,95
2025-03-02 18:32:26,28.34,20.0,1250.0,54.2,90
2025-03-02 18:32:27,28.02,21.0,1241.3,54.2,95
2025-03-02 18:32:28,28.12,20.0,1243.0,52.5,90
2025-03-02 18:32:29,28.21,22.0,1245.6,52.4,100
2025-03-02 18:32:30,28.0,20.0,1210.9,54.3,90
2025-03-02 18:32:31,28.46,21.0,1247.6,54.0,95
2025-03-02 18:32:32,28.3,20.0,1243.5,51.7,90
2025-03-02 18:32:33,28.2,20.0,1248.1,54.3,90
2025-03-02 18:32:34,28.27,21.0,1227.1,53.1,95
2025-03-02 18:32:35,28.17,22.0,1232.3,53.9,100
2025-03-02 18:32:36,28.17,22.0,1226.2,54.7,100
2025-03-02 18:32:37,28.07,21.0,1235.6,54.5,95
2025-03-02 18:32:38,28.28,20.0,1239.0,52.7,90
2025-03-02 18:32:39,28.4,20.0,1237.3,51.2,90
2025-03-02 18:32:40,28.19,22.0,1220.7,52.6,100
2025-03-02 18:32:41,28.0,20.0,1237.1,52.7,90
2025-03-02 18:32:42,28.07,21.0,1223.2,53.3,95
2025-03-02 18:32:43,28.26,22.0,1212.3,52.0,100
2025-03-02 18:32:44,28.15,22.0,1242.0,53.5,100
2025-03-02 18:32:45,28.23,21.0,1225.4,51.2,95
2025-03-02 18:32:46,28.0,20.0,1227.3,54.2,90
2025-03-02 18:32:47,28.45,22.0,1210.9,52.8,100
2025-03-02 18:32:48,28.4,21.0,1234.8,50.4,95
2025-03-02 18:32:49,28.18,22.0,1227.6,53.1,100
2025-03-02 18:32:50,28.46,20.0,1215.7,53.7,90
2025-03-02 18:32:51,28.16,22.0,1237.2,53.3,100
2025-03-02 18:32:52,28.47,20.0,1205.0,53.1,90
2025-03-02 18:32:53,28.29,21.0,1218.4,54.6,95
2025-03-02 18:32:54,28.45,20.0,1217.2,51.6,90
2025-03-02 18:32:55,28.35,20.0,1226.7,53.3,90
2025-03-02 18:32:56,28.33,22.0,1245.1,53.8,100
2025-03-02 18:32:57,28.0,22.0,1236.8,54.1,100
2025-03-02 18:32:58,28.12,20.0,1209.0,54.0,90
2025-03-02 18:32:59,28.29,21.0,1238.4,53.0,95
2025-03-02 18:33:00,28.47,20.0,1225.8,50.7,90
2025-03-02 18:33:01,28.22,22.0,1220.8,51.1,100
2025-03-02 18:33:02,28.16,21.0,1247.6,51.1,95
2025-03-02 18:33:03,28.05,21.0,1224.3,53.6,95
2025-03-02 18:33:04,28.38,20.0,1233.8,54.6,90
2025-03-02 18:33:05,28.15,20.0,1211.3,53.8,90
2025-03-02 18:33:06,28.34,22.0,1237.0,51.0,100
2025-03-02 18:33:07,28.19,20.0,1238.1,51.5,90
2025-03-02 18:33:08,28.37,22.0,1226.6,53.1,100
2025-03-02 18:33:09,28.3,22.0,1241.4,54.2,100
2025-03-02 18:33:10,28.46,21.0,1239.5,51.1,95
2025-03-02 18:33:11,28.27,20.0,1237.2,51.3,90
2025-03-02 18:33:12,28.32,22.0,1243.6,53.0,100
2025-03-02 18:33:13,28.35,21.0,1247.0,51.0,95
2025-03-02 18:33:14,28.04,20.0,1223.1,52.7,90
2025-03-02 18:33:15,28.38,20.0,1205.8,50.3,90
2025-03-02 18:33:16,28.45,20.0,1205.8,54.1,90
2025-03-02 18:33:17,28.36,21.0,1206.1,52.3,95
2025-03-02 18:33:18,28.07,20.0,1248.7,52.0,90
2025-03-02 18:33:19,28.04,20.0,1236.7,52.3,90
2025-03-02 18:33:20,28.25,21.0,1227.6,53.2,95
2025-03-02 18:33:21,28.45,20.0,1225.1,53.9,90
2025-03-02 18:33:22,28.45,20.0,1249.2,52.5,90
2025-03-02 18:33:23,28.26,21.0,1235.1,54.6,95
2025-03-02 18:33:24,28.42,21.0,1201.3,54.5,95
2025-03-02 18:33:25,28.07,21.0,1208.9,53.2,95
2025-03-02 18:33:26,28.37,20.0,1239.2,53.9,90
2025-03-02 18:33:27,28.48,22.0,1207.3,52.5,100
2025-03-02 18:33:28,28.29,22.0,1238.5,51.1,100
2025-03-02 18:33:29,28.24,20.0,1208.0,54.3,90
2025-03-02 18:33:30,28.22,20.0,1227.9,52.5,90
2025-03-02 18:33:31,28.41,20.0,1226.0,53.8,90
2025-03-02 18:33:32,28.29,22.0,1212.7,53.5,100
2025-03-02 18:33:33,28.35,22.0,1206.5,54.6,100
2025-03-02 18:33:34,28.25,22.0,1248.8,51.1,100
2025-03-02 18:33:35,28.47,20.0,1229.8,52.7,90
2025-03-02 18:33:36,28.01,21.0,1225.9,53.5,95
2025-03-02 18:33:37,28.22,20.0,1215.6,54.4,90
2025-03-02 18:33:38,28.29,22.0,1217.3,54.6,100
2025-03-02 18:33:39,28.14,22.0,1217.5,51.6,100
2025-03-02 18:33:40,28.49,21.0,1212.2,51.0,95
2025-03-02 18:33:41,28.04,20.0,1239.3,53.3,90
2025-03-02 18:33:42,28.03,22.0,1222.1,51.4,100
2025-03-02 18:33:43,28.2,21.0,1219.7,50.9,95
2025-03-02 18:33:44,28.5,22.0,1237.1,51.4,100
2025-03-02 18:33:45,28.17,22.0,1231.3,53.8,100
2025-03-02 18:33:46,28.32,22.0,1246.3,50.5,100
2025-03-02 18:33:47,28.2,20.0,1208.6,52.9,90
2025-03-02 18:33:48,28.13,20.0,1233.5,50.1,90
2025-03-02 18:33:49,28.45,22.0,1210.1,50.5,100
2025-03-02 18:33:50,28.32,22.0,1249.1,54.9,100
2025-03-02 18:33:51,28.41,20.0,1239.8,53.3,90
2025-03-02 18:33:52,28.28,20.0,1229.3,54.8,90
2025-03-02 18:33:53,28.14,21.0,1246.4,50.0,95
2025-03-02 18:33:54,28.05,21.0,1230.2,54.7,95
2025-03-02 18:33:55,28.35,20.0,1227.4,52.7,90
2025-03-02 18:33:56,28.1,21.0,1221.0,52.3,95
2025-03-02 18:33:57,28.31,22.0,1238.0,53.6,100
2025-03-02 18:33:58,28.45,22.0,1230.3,52.4,100
2025-03-02 18:33:59,28.19,21.0,1226.1,55.0,95
2025-03-02 18:34:00,28.15,20.0,1218.6,51.8,90
2025-03-02 18:34:01,28.1,22.0,1211.7,51.8,100
2025-03-02 18:34:02,28.41,21.0,1226.2,50.6,95
2025-03-02 18:34:03,28.2,20.0,1204.4,51.3,90
2025-03-02 18:34:04,28.25,20.0,1226.9,51.8,90
2025-03-02 18:34:05,28.16,20.0,1210.5,50.1,90
2025-03-02 18:34:06,28.2,21.0,1202.8,51.8,95
2025-03-02 18:34:07,28.42,21.0,1202.8,54.4,95
2025-03-02 18:34:08,28.41,22.0,1236.5,50.5,100
2025-03-02 18:34:09,28.07,20.0,1230.2,50.1,90
2025-03-02 18:34:10,28.11,20.0,1216.3,51.2,90
2025-03-02 18:34:11,28.49,20.0,1233.7,52.6,90
2025-03-02 18:34:12,28.24,20.0,1224.3,53.4,90
2025-03-02 18:34:13,28.08,22.0,1216.4,53.5,100
2025-03-02 18:34:14,28.14,22.0,1248.1,54.4,100
2025-03-02 18:34:15,28.25,21.0,1219.2,54.9,95
2025-03-02 18:34:16,28.36,20.0,1235.9,54.4,90
2025-03-02 18:34:17,28.45,20.0,1241.0,50.3,90
2025-03-02 18:34:18,28.14,21.0,1209.5,53.8,95
2025-03-02 18:34:19,28.14,20.0,1237.7,51.4,90
2025-03-02 18:34:20,28.37,22.0,1228.0,53.6,100
2025-03-02 18:34:21,28.42,22.0,1217.3,52.9,100
2025-03-02 18:34:22,28.12,22.0,1212.7,54.9,100
2025-03-02 18:34:23,28.13,20.0,1209.5,53.5,90
2025-03-02 18:34:24,28.29,22.0,1241.3,53.7,100
2025-03-02 18:34:25,28.34,22.0,1218.1,54.5,100
2025-03-02 18:34:26,28.29,20.0,1231.6,53.0,90
2025-03-02 18:34:27,28.24,21.0,1205.9,53.3,95
2025-03-02 18:34:28,28.08,20.0,1220.9,51.6,90
2025-03-02 18:34:29,28.26,20.0,1210.6,54.9,90
2025-03-02 18:34:30,28.0,22.0,1246.6,53.9,100
2025-03-02 18:34:31,28.01,20.0,1242.4,53.7,90
2025-03-02 18:34:32,28.08,20.0,1210.0,51.9,90
2025-03-02 18:34:33,28.28,21.0,1207.7,51.7,95
2025-03-02 18:34:34,28.18,21.0,1215.1,51.6,95
2025-03-02 18:34:35,28.19,20.0,1230.6,54.5,90
2025-03-02 18:34:36,28.08,21.0,1238.7,52.9,95
2025-03-02 18:34:37,28.34,21.0,1226.2,51.8,95
2025-03-02 18:34:38,28.45,22.0,1233.8,51.6,100
2025-03-02 18:34:39,28.1,21.0,1248.1,52.3,95
2025-03-02 18:34:40,28.47,21.0,1222.5,53.2,95
2025-03-02 18:34:41,28.16,21.0,1221.9,52.3,95
2025-03-02 18:34:42,28.14,21.0,1232.3,54.4,95
2025-03-02 18:34:43,28.15,21.0,1236.4,51.5,95
2025-03-02 18:34:44,28.14,21.0,1212.5,54.7,95
2025-03-02 18:34:45,28.01,21.0,1205.1,52.9,95
2025-03-02 18:34:46,28.05,20.0,1224.7,51.1,90
2025-03-02 18:34:47,28.3,21.0,1231.8,53.9,95
2025-03-02 18:34:48,28.32,21.0,1209.3,50.7,95
2025-03-02 18:34:49,28.06,21.0,1247.0,54.0,95
2025-03-02 18:34:50,28.13,22.0,1249.0,54.3,100
2025-03-02 18:34:51,28.27,22.0,1204.4,51.1,100
2025-03-02 18:34:52,28.29,21.0,1245.2,52.6,95
2025-03-02 18:34:53,28.43,22.0,1219.2,51.8,100
2025-03-02 18:34:54,28.01,21.0,1249.9,54.4,95
2025-03-02 18:34:55,28.32,21.0,1208.0,50.8,95
2025-03-02 18:34:56,28.01,21.0,1209.4,51.7,95
2025-03-02 18:34:57,28.42,21.0,1231.7,53.4,95
2025-03-02 18:34:58,28.1,22.0,1248.2,53.9,100
2025-03-02 18:34:59,28.3,22.0,1202.5,52.3,100
2025-03-02 18:35:00,28.08,22.0,1237.4,51.9,100
2025-03-02 18:35:01,28.04,20.0,1211.3,52.6,90
2025-03-02 18:35:02,28.28,21.0,1203.3,55.0,95
2025-03-02 18:35:03,28.01,22.0,1231.2,51.7,100
2025-03-02 18:35:04,28.14,20.0,1213.7,53.9,90
2025-03-02 18:35:05,28.3,22.0,1212.2,54.0,100
2025-03-02 18:35:06,28.23,22.0,1220.5,51.6,100
2025-03-02 18:35:07,28.47,21.0,1220.3,50.0,95
2025-03-02 18:35:08,28.4,21.0,1208.4,55.0,95
2025-03-02 18:35:09,28.36,20.0,1202.5,53.2,90
2025-03-02 18:35:10,28.02,21.0,1207.1,51.8,95
2025-03-02 18:35:11,28.26,20.0,1225.8,53.8,90
2025-03-02 18:35:12,28.17,22.0,1201.9,54.3,100
2025-03-02 18:35:13,28.27,21.0,1217.8,50.3,95
2025-03-02 18:35:14,28.31,20.0,1241.9,53.2,90
2025-03-02 18:35:15,28.32,22.0,1215.4,54.2,100
2025-03-02 18:35:16,28.41,22.0,1230.8,54.9,100
2025-03-02 18:35:17,28.35,21.0,1244.9,52.1,95
2025-03-02 18:35:18,28.34,20.0,1223.8,52.6,90
2025-03-02 18:35:19,28.38,21.0,1209.6,52.4,95
2025-03-02 18:35:20,28.14,20.0,1226.1,51.7,90
2025-03-02 18:35:21,28.49,21.0,1211.4,52.1,95
2025-03-02 18:35:22,28.29,22.0,1209.3,51.1,100
2025-03-02 18:35:23,28.4,21.0,1201.2,50.9,95
2025-03-02 18:35:24,28.38,22.0,1207.2,53.4,100
2025-03-02 18:35:25,28.24,21.0,1212.8,53.5,95
2025-03-02 18:35:26,28.12,20.0,1214.8,51.7,90
2025-03-02 18:35:27,28.18,20.0,1222.2,53.3,90
2025-03-02 18:35:28,28.07,20.0,1221.6,53.1,90
2025-03-02 18:35:29,28.1,22.0,1212.1,53.3,100
2025-03-02 18:35:30,28.26,21.0,1220.2,50.2,95
2025-03-02 18:35:31,28.08,21.0,1208.9,52.3,95
2025-03-02 18:35:32,28.22,20.0,1207.4,51.9,90
2025-03-02 18:35:33,28.32,20.0,1227.4,53.2,90
2025-03-02 18:35:34,28.39,21.0,1246.0,52.6,95
2025-03-02 18:35:35,28.15,22.0,1219.7,53.8,100
2025-03-02 18:35:36,28.29,21.0,1226.5,54.1,95
2025-03-02 18:35:37,28.22,21.0,1221.9,53.4,95
2025-03-02 18:35:38,28.39,21.0,1225.7,51.6,95
2025-03-02 18:35:39,28.14,22.0,1248.7,50.7,100
2025-03-02 18:35:40,28.1,21.0,1239.8,53.6,95
2025-03-02 18:35:41,28.45,22.0,1212.3,52.2,100
2025-03-02 18:35:42,28.37,21.0,1240.6,50.3,95
2025-03-02 18:35:43,28.15,20.0,1225.7,51.3,90
2025-03-02 18:35:44,28.36,21.0,1223.4,51.0,95
2025-03-02 18:35:45,28.36,22.0,1209.3,54.3,100
2025-03-02 18:35:46,28.31,20.0,1205.8,53.5,90
2025-03-02 18:35:47,28.04,21.0,1202.6,54.1,95
2025-03-02 18:35:48,28.31,21.0,1224.4,54.5,95
2025-03-02 18:35:49,28.08,20.0,1206.1,52.7,90
2025-03-02 18:35:50,28.28,21.0,1227.9,54.7,95
2025-03-02 18:35:51,28.2,22.0,1224.4,50.3,100
2025-03-02 18:35:52,28.36,21.0,1245.0,53.5,95
2025-03-02 18:35:53,28.01,22.0,1241.9,52.2,100
2025-03-02 18:35:54,28.27,21.0,1246.9,52.7,95
2025-03-02 18:35:55,28.03,22.0,1213.1,54.6,100
2025-03-02 18:35:56,28.39,20.0,1220.4,53.9,90
2025-03-02 18:35:57,28.28,21.0,1216.9,54.3,95
2025-03-02 18:35:58,28.14,20.0,1246.9,52.9,90
2025-03-02 18:35:59,28.32,20.0,1218.9,52.9,90
2025-03-02 18:36:00,28.22,22.0,1229.7,50.2,100
2025-03-02 18:36:01,28.41,22.0,1232.9,52.7,100
2025-03-02 18:36:02,28.15,21.0,1243.7,53.8,95
2025-03-02 18:36:03,28.17,22.0,1219.8,53.7,100
2025-03-02 18:36:04,28.35,21.0,1224.0,54.5,95
2025-03-02 18:36:05,28.3,20.0,1237.7,53.6,90
2025-03-02 18:36:06,28.14,20.0,1231.8,53.2,90
2025-03-02 18:36:07,28.29,20.0,1205.5,51.9,90
2025-03-02 18:36:08,28.48,22.0,1211.2,53.1,100
2025-03-02 18:36:09,28.01,20.0,1216.5,53.7,90
2025-03-02 18:36:10,28.13,20.0,1206.2,53.8,90
2025-03-02 18:36:11,28.22,21.0,1232.0,51.3,95
2025-03-02 18:36:12,28.18,21.0,1202.6,51.2,95
2025-03-02 18:36:13,28.14,21.0,1204.1,53.6,95
2025-03-02 18:36:14,28.49,20.0,1230.0,54.1,90
2025-03-02 18:36:15,28.19,21.0,1205.7,54.0,95
2025-03-02 18:36:16,28.49,22.0,1233.5,52.2,100
2025-03-02 18:36:17,28.14,20.0,1204.0,50.1,90
2025-03-02 18:36:18,28.38,22.0,1239.8,51.8,100
2025-03-02 18:36:19,28.26,21.0,1214.7,55.0,95
2025-03-02 18:36:20,28.12,20.0,1231.9,54.2,90
2025-03-02 18:36:21,28.38,22.0,1207.5,52.2,100
2025-03-02 18:36:22,28.32,20.0,1242.5,54.6,90
2025-03-02 18:36:23,28.15,20.0,1230.3,51.1,90
2025-03-02 18:36:24,28.36,21.0,1226.3,54.0,95
2025-03-02 18:36:25,28.48,22.0,1241.6,52.6,100
2025-03-02 18:36:26,28.34,21.0,1238.8,50.5,95
2025-03-02 18:36:27,28.38,22.0,1245.8,54.0,100
2025-03-02 18:36:28,28.45,21.0,1206.0,54.2,95
2025-03-02 18:36:29,28.31,22.0,1233.1,51.1,100
2025-03-02 18:36:30,28.08,21.0,1216.1,53.9,95
2025-03-02 18:36:31,28.42,22.0,1213.5,54.1,100
2025-03-02 18:36:32,28.44,20.0,1224.6,53.3,90
2025-03-02 18:36:33,28.05,22.0,1205.4,51.5,100
2025-03-02 18:36:34,28.07,22.0,1244.1,51.5,100
2025-03-02 18:36:35,28.17,21.0,1239.0,53.6,95
2025-03-02 18:36:36,28.2,20.0,1237.8,53.9,90
2025-03-02 18:36:37,28.39,21.0,1209.8,51.4,95
2025-03-02 18:36:38,28.07,20.0,1229.0,54.5,90
2025-03-02 18:36:39,28.14,21.0,1241.9,51.5,95
2025-03-02 18:36:40,28.32,20.0,1205.3,51.8,90
2025-03-02 18:36:41,28.16,21.0,1226.8,51.2,95
2025-03-02 18:36:42,28.1,21.0,1244.1,50.0,95
2025-03-02 18:36:43,28.42,21.0,1214.6,54.2,95
2025-03-02 18:36:44,28.03,22.0,1218.4,54.0,100
2025-03-02 18:36:45,28.03,22.0,1207.8,52.4,100
2025-03-02 18:36:46,28.17,21.0,1209.1,53.9,95
2025-03-02 18:36:47,28.46,22.0,1201.8,50.5,100
2025-03-02 18:36:48,28.0,21.0,1230.4,54.9,95
2025-03-02 18:36:49,28.33,21.0,1208.5,51.3,95
2025-03-02 18:36:50,28.5,20.0,1204.7,54.3,90
2025-03-02 18:36:51,28.13,21.0,1246.1,51.0,95
2025-03-02 18:36:52,28.3,21.0,1219.8,51.5,95
2025-03-02 18:36:53,28.45,20.0,1202.9,51.8,90
2025-03-02 18:36:54,28.43,20.0,1249.1,51.8,90
2025-03-02 18:36:55,28.29,20.0,1226.7,53.8,90
2025-03-02 18:36:56,28.46,22.0,1230.1,53.1,100
2025-03-02 18:36:57,28.39,22.0,1205.3,54.4,100
2025-03-02 18:36:58,28.34,22.0,1239.3,50.4,100
2025-03-02 18:36:59,28.14,20.0,1239.5,54.7,90
2025-03-02 18:37:00,28.16,20.0,1202.0,52.0,90
2025-03-02 18:37:01,28.04,20.0,1239.0,52.0,90
2025-03-02 18:37:02,28.21,20.0,1245.0,54.5,90
2025-03-02 18:37:03,28.41,22.0,1246.9,53.8,100
2025-03-02 18:37:04,28.07,22.0,1204.6,50.9,100
2025-03-02 18:37:05,28.21,20.0,1210.5,54.8,90
2025-03-02 18:37:06,28.3,22.0,1243.6,52.1,100
2025-03-02 18:37:07,28.49,20.0,1214.2,53.0,90
2025-03-02 18:37:08,28.11,21.0,1206.4,52.9,95
2025-03-02 18:37:09,28.02,21.0,1207.7,53.9,95
2025-03-02 18:37:10,28.47,22.0,1212.7,52.1,100
2025-03-02 18:37:11,28.35,20.0,1237.4,51.1,90
2025-03-02 18:37:12,28.06,22.0,1204.6,51.4,100
2025-03-02 18:37:13,28.38,21.0,1247.2,54.9,95
2025-03-02 18:37:14,28.26,20.0,1207.0,50.4,90
2025-03-02 18:37:15,28.47,21.0,1224.0,52.4,95
2025-03-02 18:37:16,28.26,21.0,1244.4,54.8,95
2025-03-02 18:37:17,28.21,22.0,1246.7,51.3,100
2025-03-02 18:37:18,28.49,22.0,1241.7,51.7,100
2025-03-02 18:37:19,28.15,21.0,1207.9,51.2,95
2025-03-02 18:37:20,28.43,20.0,1213.1,51.5,90
2025-03-02 18:37:21,28.05,20.0,1230.1,50.1,90
2025-03-02 18:37:22,28.04,22.0,1203.8,50.5,100
2025-03-02 18:37:23,28.11,21.0,1210.8,53.3,95
2025-03-02 18:37:24,28.32,22.0,1212.3,50.3,100
2025-03-02 18:37:25,28.19,20.0,1211.9,52.5,90
2025-03-02 18:37:26,28.32,21.0,1214.8,50.2,95
2025-03-02 18:37:27,28.36,22.0,1236.0,52.9,100
2025-03-02 18:37:28,28.46,20.0,1234.0,50.1,90
2025-03-02 18:37:29,28.3,21.0,1224.9,54.5,95
2025-03-02 18:37:30,28.47,20.0,1234.8,54.1,90
2025-03-02 18:37:31,28.05,20.0,1218.7,53.1,90
2025-03-02 18:37:32,28.31,20.0,1205.9,51.3,90
2025-03-02 18:37:33,28.07,22.0,1242.5,53.6,100
2025-03-02 18:37:34,28.11,21.0,1245.4,51.8,95
2025-03-02 18:37:35,28.28,21.0,1248.1,54.3,95
2025-03-02 18:37:36,28.1,21.0,1203.3,52.7,95
2025-03-02 18:37:37,28.23,20.0,1202.1,53.3,90
2025-03-02 18:37:38,28.02,20.0,1241.5,53.9,90
2025-03-02 18:37:39,28.16,20.0,1227.6,52.0,90
2025-03-02 18:37:40,28.07,22.0,1237.6,50.6,100
2025-03-02 18:37:41,28.47,20.0,1201.3,52.9,90
2025-03-02 18:37:42,28.06,20.0,1214.1,50.9,90
2025-03-02 18:37:43,28.26,20.0,1223.0,54.2,90
2025-03-02 18:37:44,28.4,20.0,1233.9,53.1,90
2025-03-02 18:37:45,28.05,20.0,1202.3,52.6,90
2025-03-02 18:37:46,28.04,20.0,1234.0,53.9,90
2025-03-02 18:37:47,28.46,20.0,1211.8,53.0,90
2025-03-02 18:37:48,28.47,21.0,1239.9,54.4,95
2025-03-02 18:37:49,28.35,22.0,1233.6,52.7,100
2025-03-02 18:37:50,28.42,20.0,1248.5,50.9,90
2025-03-02 18:37:51,28.34,20.0,1205.5,55.0,90
2025-03-02 18:37:52,28.16,21.0,1228.2,52.1,95
2025-03-02 18:37:53,28.45,22.0,1206.2,51.0,100
2025-03-02 18:37:54,28.29,21.0,1221.0,52.6,95
2025-03-02 18:37:55,28.26,22.0,1200.6,52.8,100
2025-03-02 18:37:56,28.34,21.0,1238.7,52.0,95
2025-03-02 18:37:57,28.04,20.0,1246.8,50.1,90
2025-03-02 18:37:58,28.44,21.0,1243.5,50.5,95
2025-03-02 18:37:59,28.21,22.0,1213.8,54.0,100
2025-03-02 18:38:00,28.01,22.0,1219.4,53.3,100
2025-03-02 18:38:01,28.49,22.0,1216.3,53.6,100
2025-03-02 18:38:02,28.09,20.0,1226.5,53.7,90
2025-03-02 18:38:03,28.02,21.0,1243.7,53.0,95
2025-03-02 18:38:04,28.12,20.0,1206.3,52.0,90
2025-03-02 18:38:05,28.1,20.0,1240.1,50.5,90
2025-03-02 18:38:06,28.16,22.0,1211.6,50.7,100
2025-03-02 18:38:07,28.08,22.0,1230.4,52.7,100
2025-03-02 18:38:08,28.1,20.0,1241.9,54.0,90
2025-03-02 18:38:09,28.25,22.0,1227.7,54.8,100
2025-03-02 18:38:10,28.13,22.0,1232.6,53.2,100
2025-03-02 18:38:11,28.5,22.0,1241.7,50.4,100
2025-03-02 18:38:12,28.47,21.0,1205.1,50.4,95
2025-03-02 18:38:13,28.33,22.0,1240.8,52.3,100
2025-03-02 18:38:14,28.12,20.0,1221.2,52.5,90
2025-03-02 18:38:15,28.08,20.0,1242.8,52.8,90
2025-03-02 18:38:16,28.26,21.0,1239.0,51.2,95
2025-03-02 18:38:17,28.21,21.0,1249.3,50.4,95
2025-03-02 18:38:18,28.39,22.0,1241.3,51.9,100
2025-03-02 18:38:19,28.08,21.0,1203.1,51.4,95
2025-03-02 18:38:20,28.38,20.0,1227.8,53.9,90
2025-03-02 18:38:21,28.46,20.0,1241.4,50.3,90
2025-03-02 18:38:22,28.18,20.0,1242.0,53.3,90
2025-03-02 18:38:23,28.0,21.0,1224.8,54.7,95
2025-03-02 18:38:24,28.44,20.0,1215.0,51.7,90
2025-03-02 18:38:25,28.27,22.0,1239.8,50.0,100
2025-03-02 18:38:26,28.39,21.0,1208.5,54.7,95
2025-03-02 18:38:27,28.16,22.0,1215.6,51.3,100
2025-03-02 18:38:28,28.44,21.0,1230.5,52.4,95
2025-03-02 18:38:29,28.41,20.0,1204.6,54.4,90
2025-03-02 18:38:30,28.08,22.0,1230.4,52.9,100
2025-03-02 18:38:31,28.13,20.0,1226.3,52.9,90
2025-03-02 18:38:32,28.17,20.0,1246.3,50.6,90
2025-03-02 18:38:33,28.13,20.0,1232.1,54.7,90
2025-03-02 18:38:34,28.5,22.0,1202.5,53.5,100
2025-03-02 18:38:35,28.35,20.0,1229.0,53.5,90
2025-03-02 18:38:36,28.08,22.0,1219.9,53.5,100
2025-03-02 18:38:37,28.31,21.0,1218.2,53.4,95
2025-03-02 18:38:38,28.12,21.0,1244.0,52.0,95
2025-03-02 18:38:39,28.12,20.0,1208.2,54.5,90
2025-03-02 18:38:40,28.03,20.0,1230.4,54.9,90
2025-03-02 18:38:41,28.01,20.0,1241.7,54.2,90
2025-03-02 18:38:42,28.17,21.0,1247.4,53.6,95
2025-03-02 18:38:43,28.15,22.0,1203.5,55.0,100
2025-03-02 18:38:44,28.06,21.0,1207.0,53.7,95
2025-03-02 18:38:45,28.16,22.0,1238.8,54.1,100
2025-03-02 18:38:46,28.14,20.0,1217.2,53.9,90
2025-03-02 18:38:47,28.1,21.0,1217.7,52.0,95
2025-03-02 18:38:48,28.08,22.0,1221.9,52.7,100
2025-03-02 18:38:49,28.14,21.0,1229.6,53.8,95
2025-03-02 18:38:50,28.42,21.0,1209.6,50.4,95
2025-03-02 18:38:51,28.04,21.0,1220.9,50.9,95
2025-03-02 18:38:52,28.12,22.0,1236.6,53.9,100
2025-03-02 18:38:53,28.44,20.0,1245.8,50.6,90
2025-03-02 18:38:54,28.09,20.0,1227.4,53.0,90
2025-03-02 18:38:55,28.1,21.0,1209.8,54.2,95
2025-03-02 18:38:56,28.46,21.0,1211.4,52.7,95
2025-03-02 18:38:57,28.29,20.0,1228.1,50.9,90
2025-03-02 18:38:58,28.41,21.0,1216.2,54.1,95
2025-03-02 18:38:59,28.39,20.0,1218.9,50.9,90
2025-03-02 18:39:00,28.15,21.0,1233.7,53.2,95
2025-03-02 18:39:01,28.45,22.0,1244.6,53.4,100
2025-03-02 18:39:02,28.43,21.0,1238.6,52.1,95
2025-03-02 18:39:03,28.41,21.0,1213.0,50.1,95
2025-03-02 18:39:04,28.01,22.0,1236.1,51.6,100
2025-03-02 18:39:05,28.0,22.0,1243.8,54.3,100
2025-03-02 18:39:06,28.29,21.0,1248.9,54.4,95
2025-03-02 18:39:07,28.5,22.0,1203.0,52.3,100
2025-03-02 18:39:08,28.47,22.0,1221.4,54.4,100
2025-03-02 18:39:09,28.47,22.0,1230.8,53.2,100
2025-03-02 18:39:10,28.33,21.0,1233.3,54.0,95
2025-03-02 18:39:11,28.19,20.0,1214.9,53.0,90
2025-03-02 18:39:12,28.16,20.0,1200.5,50.3,90
2025-03-02 18:39:13,28.02,21.0,1220.1,50.3,95
2025-03-02 18:39:14,28.2,22.0,1207.8,54.4,100
2025-03-02 18:39:15,28.11,22.0,1214.8,54.1,100
2025-03-02 18:39:16,28.25,20.0,1242.7,52.5,90
2025-03-02 18:39:17,28.47,22.0,1223.0,53.6,100
2025-03-02 18:39:18,28.12,22.0,1200.4,54.7,100
2025-03-02 18:39:19,28.27,20.0,1214.1,51.5,90
2025-03-02 18:39:20,28.3,20.0,1202.9,53.1,90
2025-03-02 18:39:21,28.17,22.0,1222.6,53.8,100
2025-03-02 18:39:22,28.14,20.0,1205.8,51.8,90
2025-03-02 18:39:23,28.33,22.0,1204.5,50.0,100
2025-03-02 18:39:24,28.32,22.0,1207.2,50.8,100
2025-03-02 18:39:25,28.32,20.0,1208.5,51.8,90
2025-03-02 18:39:26,28.46,20.0,1209.9,52.2,90
2025-03-02 18:39:27,28.12,20.0,1230.7,54.6,90
2025-03-02 18:39:28,28.2,20.0,1228.2,50.1,90
2025-03-02 18:39:29,28.29,20.0,1241.2,52.7,90
2025-03-02 18:39:30,28.38,22.0,1229.9,54.1,100
2025-03-02 18:39:31,28.27,22.0,1230.7,53.4,100
2025-03-02 18:39:32,28.13,20.0,1227.9,52.3,90
2025-03-02 18:39:33,28.5,21.0,1234.9,53.8,95
2025-03-02 18:39:34,28.3,21.0,1209.6,51.9,95
2025-03-02 18:39:35,28.14,22.0,1243.7,53.0,100
2025-03-02 18:39:36,28.28,20.0,1219.9,53.4,90
2025-03-02 18:39:37,28.38,20.0,1224.9,51.7,90
2025-03-02 18:39:38,28.37,22.0,1201.0,50.7,100
2025-03-02 18:39:39,28.47,22.0,1246.7,50.4,100
2025-03-02 18:39:40,28.08,21.0,1214.7,52.3,95
2025-03-02 18:39:41,28.08,22.0,1221.4,50.4,100
2025-03-02 18:39:42,28.12,21.0,1237.7,52.7,95
2025-03-02 18:39:43,28.5,21.0,1202.1,51.8,95
2025-03-02 18:39:44,28.42,22.0,1211.6,51.6,100
2025-03-02 18:39:45,28.36,21.0,1229.5,53.3,95
2025-03-02 18:39:46,28.25,22.0,1245.9,53.8,100
2025-03-02 18:39:47,28.45,20.0,1215.1,51.0,90
2025-03-02 18:39:48,28.46,20.0,1219.0,50.9,90
2025-03-02 18:39:49,28.05,20.0,1246.7,50.3,90
2025-03-02 18:39:50,28.47,20.0,1223.5,52.4,90
2025-03-02 18:39:51,28.13,20.0,1201.4,52.8,90
2025-03-02 18:39:52,28.04,22.0,1233.2,53.1,100
2025-03-02 18:39:53,28.48,20.0,1214.7,51.5,90
2025-03-02 18:39:54,28.38,20.0,1206.4,51.8,90
2025-03-02 18:39:55,28.46,21.0,1247.4,51.2,95
2025-03-02 18:39:56,28.11,20.0,1223.8,53.3,90
2025-03-02 18:39:57,28.14,20.0,1205.4,55.0,90
2025-03-02 18:39:58,28.15,20.0,1241.9,53.3,90
2025-03-02 18:39:59,28.31,21.0,1201.5,51.1,95
2025-03-02 18:40:00,28.19,22.0,1234.2,52.2,100
2025-03-02 18:40:01,28.12,22.0,1219.7,50.5,100
2025-03-02 18:40:02,28.44,21.0,1209.4,51.2,95
2025-03-02 18:40:03,28.07,21.0,1215.6,53.2,95
2025-03-02 18:40:04,28.48,20.0,1212.1,54.3,90
2025-03-02 18:40:05,28.25,21.0,1229.1,50.3,95
2025-03-02 18:40:06,28.26,21.0,1221.1,53.8,95
2025-03-02 18:40:07,28.14,20.0,1201.7,53.1,90
2025-03-02 18:40:08,28.37,22.0,1234.4,50.4,100
2025-03-02 18:40:09,28.38,22.0,1235.5,50.1,100
2025-03-02 18:40:10,28.38,20.0,1245.1,53.4,90
2025-03-02 18:40:11,28.29,22.0,1202.4,51.8,100
2025-03-02 18:40:12,28.27,22.0,1205.6,53.6,100
2025-03-02 18:40:13,28.24,20.0,1213.2,50.3,90
2025-03-02 18:40:14,28.01,20.0,1236.4,52.9,90
2025-03-02 18:40:15,28.36,21.0,1231.5,54.2,95
2025-03-02 18:40:16,28.46,20.0,1240.1,54.0,90
2025-03-02 18:40:17,28.27,22.0,1227.6,54.5,100
2025-03-02 18:40:18,28.4,20.0,1223.1,54.7,90
2025-03-02 18:40:19,28.27,21.0,1242.3,50.1,95
2025-03-02 18:40:20,28.29,20.0,1248.1,52.4,90
2025-03-02 18:40:21,28.32,21.0,1203.3,51.9,95
2025-03-02 18:40:22,28.45,21.0,1244.4,51.9,95
2025-03-02 18:40:23,28.42,20.0,1207.7,52.8,90
2025-03-02 18:40:24,28.35,22.0,1249.8,53.0,100
2025-03-02 18:40:25,28.11,21.0,1223.6,54.0,95
2025-03-02 18:40:26,28.35,20.0,1221.5,54.0,90
2025-03-02 18:40:27,28.33,20.0,1216.5,53.9,90
2025-03-02 18:40:28,28.08,20.0,1223.4,52.7,90
2025-03-02 18:40:29,28.06,21.0,1224.6,55.0,95
2025-03-02 18:40:30,28.07,21.0,1208.7,53.2,95
2025-03-02 18:40:31,28.11,20.0,1215.4,51.8,90
2025-03-02 18:40:32,28.24,21.0,1247.6,54.2,95
2025-03-02 18:40:33,28.36,20.0,1213.0,51.4,90
2025-03-02 18:40:34,28.12,21.0,1223.6,53.1,95
2025-03-02 18:40:35,28.16,20.0,1202.1,52.5,90
2025-03-02 18:40:36,28.06,22.0,1236.8,52.5,100
2025-03-02 18:40:37,28.14,21.0,1210.1,51.7,95
2025-03-02 18:40:38,28.07,20.0,1222.7,52.0,90
2025-03-02 18:40:39,28.11,22.0,1208.5,52.8,100
2025-03-02 18:40:40,28.29,21.0,1203.5,52.9,95
2025-03-02 18:40:41,28.29,22.0,1222.4,53.0,100
2025-03-02 18:40:42,28.17,21.0,1232.9,53.6,95
2025-03-02 18:40:43,28.38,21.0,1217.0,50.4,95
2025-03-02 18:40:44,28.27,22.0,1211.1,53.8,100
2025-03-02 18:40:45,28.02,20.0,1228.3,53.7,90
2025-03-02 18:40:46,28.46,20.0,1243.9,51.2,90
2025-03-02 18:40:47,28.13,22.0,1233.3,53.1,100
2025-03-02 18:40:48,28.49,22.0,1240.6,51.0,100
2025-03-02 18:40:49,28.07,21.0,1235.4,51.1,95
2025-03-02 18:40:50,28.12,21.0,1247.9,53.3,95
2025-03-02 18:40:51,28.5,22.0,1244.8,52.4,100
2025-03-02 18:40:52,28.29,21.0,1249.0,52.2,95
2025-03-02 18:40:53,28.33,20.0,1201.5,54.6,90
2025-03-02 18:40:54,28.19,22.0,1230.8,51.0,100
2025-03-02 18:40:55,28.23,20.0,1224.7,50.8,90
2025-03-02 18:40:56,28.37,21.0,1227.8,50.3,95
2025-03-02 18:40:57,28.43,22.0,1230.7,51.4,100
2025-03-02 18:40:58,28.28,21.0,1239.8,53.2,95
2025-03-02 18:40:59,28.49,20.0,1205.5,54.0,90
2025-03-02 18:41:00,28.48,20.0,1226.9,53.4,90
2025-03-02 18:41:01,28.44,20.0,1241.1,54.9,90
2025-03-02 18:41:02,28.12,22.0,1208.7,51.1,100
2025-03-02 18:41:03,28.24,20.0,1219.7,52.1,90
2025-03-02 18:41:04,28.09,20.0,1243.5,53.9,90
2025-03-02 18:41:05,28.07,20.0,1249.9,50.4,90
2025-03-02 18:41:06,28.36,20.0,1215.6,53.2,90
2025-03-02 18:41:07,28.36,22.0,1223.6,52.4,100
2025-03-02 18:41:08,28.1,22.0,1226.2,52.3,100
2025-03-02 18:41:09,28.04,22.0,1219.8,50.8,100
2025-03-02 18:41:10,28.17,22.0,1227.6,54.4,100
2025-03-02 18:41:11,28.46,20.0,1233.6,54.0,90
2025-03-02 18:41:12,28.42,21.0,1202.2,54.2,95
2025-03-02 18:41:13,28.28,20.0,1234.8,50.5,90
2025-03-02 18:41:14,28.08,21.0,1240.7,51.0,95
2025-03-02 18:41:15,28.36,20.0,1245.7,53.8,90
2025-03-02 18:41:16,28.09,22.0,1206.6,52.0,100
2025-03-02 18:41:17,28.12,20.0,1209.2,53.9,90
2025-03-02 18:41:18,28.19,22.0,1223.2,51.4,100
2025-03-02 18:41:19,28.11,21.0,1240.9,54.8,95
2025-03-02 18:41:20,28.13,22.0,1244.8,53.1,100
2025-03-02 18:41:21,28.12,20.0,1205.9,50.8,90
2025-03-02 18:41:22,28.25,21.0,1239.5,50.5,95
2025-03-02 18:41:23,28.27,21.0,1216.2,52.8,95
2025-03-02 18:41:24,28.24,22.0,1248.9,53.5,100
2025-03-02 18:41:25,28.26,22.0,1202.8,53.5,100
2025-03-02 18:41:26,28.15,21.0,1225.0,53.9,95
2025-03-02 18:41:27,28.49,20.0,1242.6,54.2,90
2025-03-02 18:41:28,28.41,22.0,1213.1,54.1,100
2025-03-02 18:41:29,28.23,22.0,1231.4,50.9,100
2025-03-02 18:41:30,28.29,21.0,1204.1,53.8,95
2025-03-02 18:41:31,28.34,22.0,1246.8,52.1,100
2025-03-02 18:41:32,28.18,21.0,1209.0,53.8,95
2025-03-02 18:41:33,28.25,22.0,1210.6,50.3,100
2025-03-02 18:41:34,28.16,20.0,1228.8,51.8,90
2025-03-02 18:41:35,28.19,22.0,1230.2,50.3,100
2025-03-02 18:41:36,28.25,21.0,1238.1,52.0,95
2025-03-02 18:41:37,28.18,21.0,1219.0,53.0,95
2025-03-02 18:41:38,28.21,21.0,1235.9,52.9,95
2025-03-02 18:41:39,28.1,22.0,1227.2,53.9,100
2025-03-02 18:41:40,28.35,22.0,1247.1,50.2,100
2025-03-02 18:41:41,28.21,22.0,1206.8,53.2,100
2025-03-02 18:41:42,28.35,20.0,1240.1,54.2,90
2025-03-02 18:41:43,28.06,20.0,1210.6,50.2,90
2025-03-02 18:41:44,28.39,20.0,1211.2,52.7,90
2025-03-02 18:41:45,28.32,20.0,1231.7,53.9,90
2025-03-02 18:41:46,28.44,20.0,1211.3,53.4,90
2025-03-02 18:41:47,28.11,22.0,1201.6,53.7,100
2025-03-02 18:41:48,28.45,21.0,1226.4,53.0,95
2025-03-02 18:41:49,28.4,22.0,1205.4,51.1,100
2025-03-02 18:41:50,28.13,22.0,1241.1,54.0,100
2025-03-02 18:41:51,28.09,22.0,1236.4,50.2,100
2025-03-02 18:41:52,28.48,22.0,1212.0,50.4,100
2025-03-02 18:41:53,28.45,20.0,1229.6,50.5,90
2025-03-02 18:41:54,28.4,20.0,1228.0,54.3,90
2025-03-02 18:41:55,28.1,21.0,1239.0,54.5,95
2025-03-02 18:41:56,28.21,21.0,1236.5,52.5,95
2025-03-02 18:41:57,28.38,22.0,1211.3,53.0,100
2025-03-02 18:41:58,28.13,20.0,1235.4,51.2,90
2025-03-02 18:41:59,28.14,20.0,1230.1,52.3,90
2025-03-02 18:42:00,28.39,20.0,1224.3,51.0,90
2025-03-02 18:42:01,28.43,21.0,1246.3,50.1,95
2025-03-02 18:42:02,28.25,22.0,1247.2,54.6,100
2025-03-02 18:42:03,28.24,22.0,1231.9,52.6,100
2025-03-02 18:42:04,28.36,22.0,1219.3,54.3,100
2025-03-02 18:42:05,28.2,21.0,1232.7,54.7,95
2025-03-02 18:42:06,28.15,21.0,1222.5,50.9,95
2025-03-02 18:42:07,28.02,20.0,1244.4,51.1,90
2025-03-02 18:42:08,28.4,22.0,1201.6,53.5,100
2025-03-02 18:42:09,28.16,21.0,1240.7,52.6,95
2025-03-02 18:42:10,28.27,20.0,1247.8,54.1,90
2025-03-02 18:42:11,28.47,20.0,1236.8,52.2,90
2025-03-02 18:42:12,28.03,20.0,1243.1,53.2,90
2025-03-02 18:42:13,28.29,20.0,1210.8,50.2,90
2025-03-02 18:42:14,28.04,20.0,1223.1,51.9,88
2025-03-02 18:42:15,28.37,21.0,1208.5,51.9,86
2025-03-02 18:42:16,28.28,20.0,1227.1,51.7,85
2025-03-02 18:42:17,28.47,21.0,1237.7,54.0,83
2025-03-02 18:42:18,28.02,22.0,1208.1,52.6,82
2025-03-02 18:42:19,28.02,21.0,1203.4,50.6,80
2025-03-02 18:42:20,28.19,20.0,1228.3,53.6,79
2025-03-02 18:42:21,28.26,20.0,1213.6,54.2,77
2025-03-02 18:42:22,28.46,22.0,1208.2,54.2,76
2025-03-02 18:42:23,28.21,20.0,1222.0,50.3,74
2025-03-02 18:42:24,28.05,21.0,1213.7,52.5,73
2025-03-02 18:42:25,28.18,22.0,1224.0,54.1,71
2025-03-02 18:42:26,28.24,20.0,1209.4,51.3,70
2025-03-02 18:42:27,28.01,21.0,1202.3,51.6,68
2025-03-02 18:42:28,28.15,20.0,1220.2,51.4,67
2025-03-02 18:42:29,28.5,21.0,1213.5,53.6,65
2025-03-02 18:42:30,28.27,22.0,1246.6,53.1,64
2025-03-02 18:42:31,28.24,21.0,1201.3,51.4,62
2025-03-02 18:42:32,28.16,20.0,1222.3,50.6,61
2025-03-02 18:42:33,28.25,20.0,1214.0,52.1,59
2025-03-02 18:42:34,28.29,21.0,1248.9,53.2,57
2025-03-02 18:42:35,28.29,21.0,1208.4,53.1,56
2025-03-02 18:42:36,28.21,21.0,1240.4,50.9,54
2025-03-02 18:42:37,28.19,22.0,1223.3,50.4,53
2025-03-02 18:42:38,28.12,22.0,1218.0,54.3,51
2025-03-02 18:42:39,28.01,22.0,1234.7,50.0,50
2025-03-02 18:42:40,28.28,21.0,1241.3,53.2,48
2025-03-02 18:42:41,28.27,21.0,1237.2,53.8,47
2025-03-02 18:42:42,28.29,20.0,1233.8,52.5,45
2025-03-02 18:42:43,28.28,21.0,1224.5,51.6,44
2025-03-02 18:42:44,28.01,21.0,1240.1,51.2,42
2025-03-02 18:42:45,28.43,22.0,1231.9,52.1,41
2025-03-02 18:42:46,28.25,21.0,1222.6,52.8,39
2025-03-02 18:42:47,28.06,21.0,1244.9,51.4,38
2025-03-02 18:42:48,28.19,21.0,1236.3,50.4,36
2025-03-02 18:42:49,28.26,22.0,1206.7,50.1,35
2025-03-02 18:42:50,28.07,21.0,1240.7,50.2,33
2025-03-02 18:42:51,28.35,22.0,1214.8,53.9,32
2025-03-02 18:42:52,28.05,22.0,1213.5,53.0,30
2025-03-02 18:42:53,28.39,21.0,1222.7,50.5,28
2025-03-02 18:42:54,28.28,21.0,1235.8,52.6,27
2025-03-02 18:42:55,28.02,20.0,1246.7,52.0,25
2025-03-02 18:42:56,28.26,21.0,1239.4,52.2,24
2025-03-02 18:42:57,28.15,20.0,1214.2,53.4,22
2025-03-02 18:42:58,28.49,22.0,1243.6,53.3,21
2025-03-02 18:42:59,28.14,21.0,1204.0,53.4,19
2025-03-02 18:43:00,28.16,21.0,1214.0,51.3,18
2025-03-02 18:43:01,28.38,20.0,1221.2,52.9,16
2025-03-02 18:43:02,28.37,20.0,1227.2,53.4,15
2025-03-02 18:43:03,28.08,21.0,1231.5,54.7,13
2025-03-02 18:43:04,28.11,21.0,1237.2,52.5,12
2025-03-02 18:43:05,28.37,21.0,1216.9,52.1,10
2025-03-02 18:43:06,28.41,20.0,1202.2,54.3,9
2025-03-02 18:43:07,28.38,21.0,1220.9,53.9,7
2025-03-02 18:43:08,28.21,22.0,1211.7,53.3,6
2025-03-02 18:43:09,28.21,22.0,1204.0,54.4,4
2025-03-02 18:43:10,28.03,22.0,1200.9,50.2,3
2025-03-02 18:43:11,28.08,20.0,1238.9,54.5,1
2025-03-02 18:43:12,28.43,21.0,1205.8,50.9,0
